{
    "years": [
        1999,
        2000,
        2001,
        2002,
        2003,
        2004,
        2005,
        2006,
        2007,
        2008,
        2009,
        2010,
        2011,
        2012,
        2013,
        2014,
        2015,
        2016
    ],
    "life_expectancy": [
        72.64195,
        72.8078,
        74.51293,
        74.71732,
        74.6139,
        75.52024,
        75.24463,
        75.83683,
        75.70561,
        75.9122,
        76.16829,
        76.47561,
        76.77561,
        76.92439,
        77.12683,
        77.47805,
        77.27561,
        78.02195
    ]
}